"","treatment","site","trait","moment","plot_id","estimate","ci_high","ci_low"
"1","C","ACJ","dry_mass_g","kurtosis","1",20.1970462437392,52.4667500540398,-12.0726575665613
"2","C","ACJ","dry_mass_g","kurtosis","2",2.60803623791555,15.445836603238,-10.2297641274069
"3","C","ACJ","dry_mass_g","kurtosis","3",13.0996240629294,31.378405675032,-5.17915754917316
"4","C","ACJ","dry_mass_g","kurtosis","4",8.38667323029924,19.0614156338586,-2.28806917326015
"5","C","ACJ","dry_mass_g","kurtosis","5",4.30834635541576,10.2900306368065,-1.67333792597495
"6","C","ACJ","dry_mass_g","mean","1",0.0836210831101437,0.108246039440913,0.0589961267793743
"7","C","ACJ","dry_mass_g","mean","2",0.326243165161455,0.464502718052761,0.18798361227015
"8","C","ACJ","dry_mass_g","mean","3",0.13259726622479,0.192402195970561,0.0727923364790196
"9","C","ACJ","dry_mass_g","mean","4",0.062688344508079,0.08332493545629,0.0420517535598681
"10","C","ACJ","dry_mass_g","mean","5",0.0728406560801186,0.0933074352587296,0.0523738769015076
"11","C","ACJ","dry_mass_g","skewness","1",3.25340983999909,5.74617093529937,0.760648744698809
"12","C","ACJ","dry_mass_g","skewness","2",0.245438437504866,1.87090858869058,-1.38003171368085
"13","C","ACJ","dry_mass_g","skewness","3",2.81870251431247,4.56714787649802,1.07025715212691
"14","C","ACJ","dry_mass_g","skewness","4",2.22681799873533,3.4499314309269,1.00370456654375
"15","C","ACJ","dry_mass_g","skewness","5",1.44115331466366,2.23851797180576,0.643788657521552
"16","C","ACJ","dry_mass_g","variance","1",0.00803266439861049,0.010969858715648,0.005095470081573
"17","C","ACJ","dry_mass_g","variance","2",0.0330472344494212,0.0503311252432798,0.0157633436555627
"18","C","ACJ","dry_mass_g","variance","3",0.0184954553236232,0.0317539877548532,0.0052369228923932
"19","C","ACJ","dry_mass_g","variance","4",0.00323009781925692,0.00481415617009191,0.00164603946842192
"20","C","ACJ","dry_mass_g","variance","5",0.00330171183165926,0.00477511865137119,0.00182830501194732
"21","C","ACJ","ldmc","kurtosis","1",0.198945259494483,1.46274888134326,-1.06485836235429
"22","C","ACJ","ldmc","kurtosis","2",11.0538151231642,18.467606731819,3.64002351450948
"23","C","ACJ","ldmc","kurtosis","3",1.60638418297084,2.58026632717388,0.632502038767799
"24","C","ACJ","ldmc","kurtosis","4",1.63536527207765,3.33162603118929,-0.0608954870339875
"25","C","ACJ","ldmc","kurtosis","5",1.88490162695517,3.69069560922093,0.0791076446894163
"26","C","ACJ","ldmc","mean","1",0.438284976275979,0.449360306952458,0.427209645599499
"27","C","ACJ","ldmc","mean","2",0.475424337158815,0.481750143180337,0.469098531137293
"28","C","ACJ","ldmc","mean","3",0.464702497901868,0.47546432797047,0.453940667833267
"29","C","ACJ","ldmc","mean","4",0.472220099509197,0.484477634112766,0.459962564905628
"30","C","ACJ","ldmc","mean","5",0.461735341721585,0.485106996370267,0.438363687072903
"31","C","ACJ","ldmc","skewness","1",-0.908512967270214,-0.454582780587536,-1.36244315395289
"32","C","ACJ","ldmc","skewness","2",-2.60930431736835,-1.66661347546805,-3.55199515926865
"33","C","ACJ","ldmc","skewness","3",-0.759791036738127,-0.466083399056808,-1.05349867441945
"34","C","ACJ","ldmc","skewness","4",-0.200682666958339,0.32040714785314,-0.721772481769818
"35","C","ACJ","ldmc","skewness","5",-1.29271822130328,-0.745854477325363,-1.83958196528121
"36","C","ACJ","ldmc","variance","1",0.0146681540394026,0.017234305865126,0.0121020022136792
"37","C","ACJ","ldmc","variance","2",0.00547774677932035,0.00749927194435457,0.00345622161428612
"38","C","ACJ","ldmc","variance","3",0.00941961355863231,0.0114492869095127,0.00738994020775197
"39","C","ACJ","ldmc","variance","4",0.00788053631182415,0.00937859170204812,0.00638248092160019
"40","C","ACJ","ldmc","variance","5",0.01080429235266,0.0142509759740441,0.00735760873127594
"41","C","ACJ","leaf_area_cm2","kurtosis","1",18.9394768500136,50.5071434261189,-12.6281897260916
"42","C","ACJ","leaf_area_cm2","kurtosis","2",1.22431128519272,9.10774771951017,-6.65912514912473
"43","C","ACJ","leaf_area_cm2","kurtosis","3",11.0671727008054,24.9474847472852,-2.81313934567436
"44","C","ACJ","leaf_area_cm2","kurtosis","4",4.48006672998098,8.03707736957774,0.923056090384226
"45","C","ACJ","leaf_area_cm2","kurtosis","5",6.33474182958011,16.7863994120273,-4.11691575286711
"46","C","ACJ","leaf_area_cm2","mean","1",5.37663977307553,7.07356178959728,3.67971775655379
"47","C","ACJ","leaf_area_cm2","mean","2",23.8245601062272,34.092923613106,13.5561965993485
"48","C","ACJ","leaf_area_cm2","mean","3",8.95945164666363,13.3689811570198,4.54992213630748
"49","C","ACJ","leaf_area_cm2","mean","4",3.48003848760191,4.71533107489121,2.2447459003126
"50","C","ACJ","leaf_area_cm2","mean","5",4.5067221282409,5.75885522662232,3.25458902985947
"51","C","ACJ","leaf_area_cm2","skewness","1",3.21715191261236,5.74393737252768,0.690366452697047
"52","C","ACJ","leaf_area_cm2","skewness","2",-0.0370472910165043,1.09434015638523,-1.16843473841824
"53","C","ACJ","leaf_area_cm2","skewness","3",2.66440391318478,4.15067944656058,1.17812837980898
"54","C","ACJ","leaf_area_cm2","skewness","4",1.9288657903124,2.52499425335369,1.33273732727111
"55","C","ACJ","leaf_area_cm2","skewness","5",1.81112055649038,2.94071763151799,0.681523481462762
"56","C","ACJ","leaf_area_cm2","variance","1",43.0015159708387,60.1765291230151,25.8265028186624
"57","C","ACJ","leaf_area_cm2","variance","2",195.686350476616,302.3587852315,89.0139157217321
"58","C","ACJ","leaf_area_cm2","variance","3",108.427320010535,185.196006993179,31.6586330278911
"59","C","ACJ","leaf_area_cm2","variance","4",11.0793287953374,16.5356923274419,5.62296526323292
"60","C","ACJ","leaf_area_cm2","variance","5",15.981357850437,23.4076507463001,8.55506495457386
"61","C","ACJ","leaf_thickness_mm","kurtosis","1",-0.391660776802894,1.02660610085362,-1.8099276544594
"62","C","ACJ","leaf_thickness_mm","kurtosis","2",1.8043834638691,3.10012537815409,0.508641549584111
"63","C","ACJ","leaf_thickness_mm","kurtosis","3",-0.787295580226827,-0.0666985993069271,-1.50789256114673
"64","C","ACJ","leaf_thickness_mm","kurtosis","4",0.891384557382529,1.64983603400304,0.132933080762023
"65","C","ACJ","leaf_thickness_mm","kurtosis","5",1.02809214552542,4.33117895975654,-2.2749946687057
"66","C","ACJ","leaf_thickness_mm","mean","1",0.397472613541667,0.410409875024374,0.384535352058959
"67","C","ACJ","leaf_thickness_mm","mean","2",0.33660600625,0.369869746864661,0.303342265635339
"68","C","ACJ","leaf_thickness_mm","mean","3",0.372060172916667,0.384999622165591,0.359120723667742
"69","C","ACJ","leaf_thickness_mm","mean","4",0.440948208333333,0.463171310312825,0.418725106353842
"70","C","ACJ","leaf_thickness_mm","mean","5",0.412888298958333,0.461044206800385,0.364732391116282
"71","C","ACJ","leaf_thickness_mm","skewness","1",-0.343647832699787,0.0815223005629569,-0.76881796596253
"72","C","ACJ","leaf_thickness_mm","skewness","2",1.42786331265752,1.93386260374958,0.921864021565463
"73","C","ACJ","leaf_thickness_mm","skewness","3",-0.0402204741663468,0.232341662027955,-0.312782610360649
"74","C","ACJ","leaf_thickness_mm","skewness","4",-0.709793000016452,-0.467167744332248,-0.952418255700655
"75","C","ACJ","leaf_thickness_mm","skewness","5",-0.108710880775146,0.530985959340661,-0.748407720890952
"76","C","ACJ","leaf_thickness_mm","variance","1",0.0182860755085977,0.0224854411675539,0.0140867098496414
"77","C","ACJ","leaf_thickness_mm","variance","2",0.00824119926766122,0.00998456986593417,0.00649782866938828
"78","C","ACJ","leaf_thickness_mm","variance","3",0.0166662629064873,0.0192861311292993,0.0140463946836753
"79","C","ACJ","leaf_thickness_mm","variance","4",0.00976067973859401,0.0114015892479625,0.00811977022922548
"80","C","ACJ","leaf_thickness_mm","variance","5",0.0141037826907375,0.0175775949898141,0.010629970391661
"81","C","ACJ","plant_height_cm","kurtosis","1",-0.998154640537786,-0.774807381721889,-1.22150189935368
"82","C","ACJ","plant_height_cm","kurtosis","2",1.39787465644937,4.70283120966569,-1.90708189676696
"83","C","ACJ","plant_height_cm","kurtosis","3",-0.784383670257958,-0.573243417396731,-0.995523923119185
"84","C","ACJ","plant_height_cm","kurtosis","4",-0.282509337579908,0.0960063320544512,-0.661025007214268
"85","C","ACJ","plant_height_cm","kurtosis","5",-0.218148222841431,0.432497562624281,-0.868794008307144
"86","C","ACJ","plant_height_cm","mean","1",41.9609875,45.9091988283372,38.0127761716628
"87","C","ACJ","plant_height_cm","mean","2",63.25488875,64.9040074766512,61.6057700233488
"88","C","ACJ","plant_height_cm","mean","3",46.48205,49.6422224101823,43.3218775898177
"89","C","ACJ","plant_height_cm","mean","4",37.390258125,41.1559994885904,33.6245167614096
"90","C","ACJ","plant_height_cm","mean","5",46.9826475,51.3476503428417,42.6176446571583
"91","C","ACJ","plant_height_cm","skewness","1",-0.0748721483889403,0.317636195264008,-0.467380492041888
"92","C","ACJ","plant_height_cm","skewness","2",-1.21411327660465,-0.428123210642042,-2.00010334256725
"93","C","ACJ","plant_height_cm","skewness","3",0.114201816510676,0.271730692982912,-0.0433270599615589
"94","C","ACJ","plant_height_cm","skewness","4",0.165246412270079,0.59748431569085,-0.266991491150692
"95","C","ACJ","plant_height_cm","skewness","5",-0.392364839279266,0.196283260383516,-0.981012938942047
"96","C","ACJ","plant_height_cm","variance","1",542.913712233668,597.769574223753,488.057850243583
"97","C","ACJ","plant_height_cm","variance","2",434.274665342965,568.586971073089,299.962359612841
"98","C","ACJ","plant_height_cm","variance","3",470.733205525126,548.762418524784,392.703992525467
"99","C","ACJ","plant_height_cm","variance","4",300.388428669284,346.267881773093,254.508975565475
"100","C","ACJ","plant_height_cm","variance","5",408.787972371859,497.873541851736,319.702402891982
"101","C","ACJ","sla_cm2_g","kurtosis","1",13.0728048323805,31.8037178637556,-5.65810819899456
"102","C","ACJ","sla_cm2_g","kurtosis","2",21.6440518524632,41.4156714920757,1.87243221285074
"103","C","ACJ","sla_cm2_g","kurtosis","3",14.5179623656189,35.9938727745586,-6.95794804332086
"104","C","ACJ","sla_cm2_g","kurtosis","4",14.6651563218102,28.6943074031062,0.63600524051412
"105","C","ACJ","sla_cm2_g","kurtosis","5",6.39327961355071,13.8587506270696,-1.07219139996817
"106","C","ACJ","sla_cm2_g","mean","1",61.1538823709137,81.3813243361434,40.9264404056839
"107","C","ACJ","sla_cm2_g","mean","2",63.4515742959209,80.9622804807594,45.9408681110825
"108","C","ACJ","sla_cm2_g","mean","3",55.4230225510841,70.9432786718669,39.9027664303013
"109","C","ACJ","sla_cm2_g","mean","4",48.9525914838922,62.6304277532848,35.2747552144995
"110","C","ACJ","sla_cm2_g","mean","5",53.8886841178623,70.7102066706833,37.0671615650413
"111","C","ACJ","sla_cm2_g","skewness","1",2.82595931008309,4.4499145635522,1.20200405661398
"112","C","ACJ","sla_cm2_g","skewness","2",3.0333461366416,5.00939422529137,1.05729804799183
"113","C","ACJ","sla_cm2_g","skewness","3",2.72514482121784,4.52941293245951,0.92087670997617
"114","C","ACJ","sla_cm2_g","skewness","4",2.96041888113304,4.40826176382677,1.51257599843932
"115","C","ACJ","sla_cm2_g","skewness","5",2.03099233839211,2.83488052390069,1.22710415288353
"116","C","ACJ","sla_cm2_g","variance","1",1775.00087335074,2964.42990126573,585.571845435764
"117","C","ACJ","sla_cm2_g","variance","2",427.224180606598,717.809561428017,136.638799785178
"118","C","ACJ","sla_cm2_g","variance","3",627.465272090697,884.762711122712,370.167833058682
"119","C","ACJ","sla_cm2_g","variance","4",388.622000200725,569.097518761653,208.146481639797
"120","C","ACJ","sla_cm2_g","variance","5",676.073384011757,1143.852233194,208.294534829514
"121","C","ACJ","wet_mass_g","kurtosis","1",25.7480010423095,59.5983040656344,-8.10230198101544
"122","C","ACJ","wet_mass_g","kurtosis","2",8.25721668001007,33.0197552066542,-16.505321846634
"123","C","ACJ","wet_mass_g","kurtosis","3",13.6677964106127,35.4452371962078,-8.10964437498241
"124","C","ACJ","wet_mass_g","kurtosis","4",7.55968317237762,13.5289731782482,1.59039316650704
"125","C","ACJ","wet_mass_g","kurtosis","5",6.71661665402806,13.2370859031306,0.196147404925534
"126","C","ACJ","wet_mass_g","mean","1",0.226819500191796,0.298800837336557,0.154838163047035
"127","C","ACJ","wet_mass_g","mean","2",0.687056359782315,0.975280445285759,0.39883227427887
"128","C","ACJ","wet_mass_g","mean","3",0.302960714898461,0.425224726415266,0.180696703381657
"129","C","ACJ","wet_mass_g","mean","4",0.140122857912031,0.187342904082249,0.0929028117418126
"130","C","ACJ","wet_mass_g","mean","5",0.162851278213277,0.205432232345935,0.12027032408062
"131","C","ACJ","wet_mass_g","skewness","1",4.0475108564375,6.56808890904238,1.52693280383263
"132","C","ACJ","wet_mass_g","skewness","2",0.840603466778076,3.17022478181228,-1.48901784825613
"133","C","ACJ","wet_mass_g","skewness","3",2.78117856481648,4.88232395581386,0.680033173819095
"134","C","ACJ","wet_mass_g","skewness","4",2.26309446590402,3.02819143456759,1.49799749724045
"135","C","ACJ","wet_mass_g","skewness","5",1.90210171398689,2.68465523496551,1.11954819300826
"136","C","ACJ","wet_mass_g","variance","1",0.115488665777614,0.167698687218593,0.0632786443366356
"137","C","ACJ","wet_mass_g","variance","2",0.151813495812361,0.229864417979459,0.0737625736452635
"138","C","ACJ","wet_mass_g","variance","3",0.101102520682273,0.14800584002274,0.0541992013418061
"139","C","ACJ","wet_mass_g","variance","4",0.0185775909387353,0.0287468232996433,0.00840835857782722
"140","C","ACJ","wet_mass_g","variance","5",0.0192709122930828,0.0290062007317413,0.0095356238544243
"141","NB","ACJ","dry_mass_g","kurtosis","1",23.1555656317375,50.1183473794627,-3.80721611598782
"142","NB","ACJ","dry_mass_g","kurtosis","2",-0.36843574352559,0.909587425433097,-1.64645891248428
"143","NB","ACJ","dry_mass_g","kurtosis","3",-0.651855447749104,0.0923947626487159,-1.39610565814692
"144","NB","ACJ","dry_mass_g","kurtosis","4",-1.17437002512,-0.908984589414621,-1.43975546082537
"145","NB","ACJ","dry_mass_g","kurtosis","5",0.0989084215573074,0.940730227402095,-0.74291338428748
"146","NB","ACJ","dry_mass_g","mean","1",0.173349906672438,0.213872784127015,0.132827029217862
"147","NB","ACJ","dry_mass_g","mean","2",0.0998028461111111,0.120179966382493,0.079425725839729
"148","NB","ACJ","dry_mass_g","mean","3",0.2170139275,0.270503374730072,0.163524480269928
"149","NB","ACJ","dry_mass_g","mean","4",0.271470655458333,0.364741838643738,0.178199472272928
"150","NB","ACJ","dry_mass_g","mean","5",0.186154290833333,0.237505953283056,0.134802628383611
"151","NB","ACJ","dry_mass_g","skewness","1",3.19836017806212,5.61211301654267,0.784607339581576
"152","NB","ACJ","dry_mass_g","skewness","2",0.608512441551765,0.953933217831076,0.263091665272454
"153","NB","ACJ","dry_mass_g","skewness","3",0.710231479060615,1.04006495875744,0.380397999363795
"154","NB","ACJ","dry_mass_g","skewness","4",-0.0346551864979629,0.145171318918002,-0.214481691913928
"155","NB","ACJ","dry_mass_g","skewness","5",0.935451934035862,1.50132726558323,0.369576602488493
"156","NB","ACJ","dry_mass_g","variance","1",0.0490948725913631,0.0730208438752539,0.0251689013074723
"157","NB","ACJ","dry_mass_g","variance","2",0.00438477105638647,0.00600266880083149,0.00276687331194145
"158","NB","ACJ","dry_mass_g","variance","3",0.03116431264379,0.0444189391724027,0.0179096861151773
"159","NB","ACJ","dry_mass_g","variance","4",0.0318239502438161,0.051189901314251,0.0124579991733812
"160","NB","ACJ","dry_mass_g","variance","5",0.022963576482601,0.0387462026497818,0.00718095031542022
"161","NB","ACJ","ldmc","kurtosis","1",3.27833514685265,4.96872699472783,1.58794329897748
"162","NB","ACJ","ldmc","kurtosis","2",4.73411130788585,8.07502903717361,1.39319357859809
"163","NB","ACJ","ldmc","kurtosis","3",4.9069907076371,10.7691302332426,-0.955148817968364
"164","NB","ACJ","ldmc","kurtosis","4",2.54334006569085,6.5388509997529,-1.45217086837119
"165","NB","ACJ","ldmc","kurtosis","5",0.253333536661523,2.85953438944809,-2.35286731612505
"166","NB","ACJ","ldmc","mean","1",0.452695686302943,0.472465572428943,0.432925800176944
"167","NB","ACJ","ldmc","mean","2",0.456816835351497,0.472422225569666,0.441211445133328
"168","NB","ACJ","ldmc","mean","3",0.484626386098322,0.52035653725103,0.448896234945614
"169","NB","ACJ","ldmc","mean","4",0.506872400696208,0.51576387456859,0.497980926823827
"170","NB","ACJ","ldmc","mean","5",0.520347389055206,0.538123126484677,0.502571651625735
"171","NB","ACJ","ldmc","skewness","1",-1.73240083881258,-1.45845917137456,-2.0063425062506
"172","NB","ACJ","ldmc","skewness","2",-1.64703488408142,-0.912052392295155,-2.38201737586769
"173","NB","ACJ","ldmc","skewness","3",-1.01733144822004,0.19846411268523,-2.2331270091253
"174","NB","ACJ","ldmc","skewness","4",-0.449320246452522,0.751624265134273,-1.65026475803932
"175","NB","ACJ","ldmc","skewness","5",-0.766570338607761,-0.386249366223767,-1.14689131099175
"176","NB","ACJ","ldmc","variance","1",0.00759133650562189,0.00886462527806257,0.0063180477331812
"177","NB","ACJ","ldmc","variance","2",0.00393736791108369,0.00497125900791816,0.00290347681424923
"178","NB","ACJ","ldmc","variance","3",0.00218390079045075,0.00282836400319409,0.00153943757770741
"179","NB","ACJ","ldmc","variance","4",0.00203737843807007,0.00300267067538813,0.00107208620075201
"180","NB","ACJ","ldmc","variance","5",0.0025282881836365,0.00450914573427201,0.000547430633000999
"181","NB","ACJ","leaf_area_cm2","kurtosis","1",9.14114644181701,25.7663234559266,-7.48403057229263
"182","NB","ACJ","leaf_area_cm2","kurtosis","2",0.881704873588938,3.51827345043416,-1.75486370325628
"183","NB","ACJ","leaf_area_cm2","kurtosis","3",-0.792752675963564,-0.109378844038779,-1.47612650788835
"184","NB","ACJ","leaf_area_cm2","kurtosis","4",-1.29100974519254,-1.1065240938051,-1.47549539657997
"185","NB","ACJ","leaf_area_cm2","kurtosis","5",0.207368867922599,1.23057909542522,-0.815841359580026
"186","NB","ACJ","leaf_area_cm2","mean","1",10.604196558893,12.4747182525734,8.73367486521257
"187","NB","ACJ","leaf_area_cm2","mean","2",6.22441820318056,7.82920128817331,4.61963511818781
"188","NB","ACJ","leaf_area_cm2","mean","3",14.0782018991667,17.4467252520028,10.7096785463305
"189","NB","ACJ","leaf_area_cm2","mean","4",16.9829728269583,21.6104021463022,12.3555435076144
"190","NB","ACJ","leaf_area_cm2","mean","5",11.2231335727222,13.4577954315505,8.98847171389395
"191","NB","ACJ","leaf_area_cm2","skewness","1",1.899786754501,3.54018999292387,0.259383516078134
"192","NB","ACJ","leaf_area_cm2","skewness","2",1.03656776445477,1.81376743731232,0.25936809159722
"193","NB","ACJ","leaf_area_cm2","skewness","3",0.465942602404384,0.775707595753577,0.15617760905519
"194","NB","ACJ","leaf_area_cm2","skewness","4",-0.251773217113143,-0.0771740852640144,-0.426372348962271
"195","NB","ACJ","leaf_area_cm2","skewness","5",1.03703312534867,1.50326272376587,0.570803526931476
"196","NB","ACJ","leaf_area_cm2","variance","1",139.906922604265,188.261565770489,91.5522794380409
"197","NB","ACJ","leaf_area_cm2","variance","2",22.1215924472529,32.119125855218,12.1240590392877
"198","NB","ACJ","leaf_area_cm2","variance","3",112.852998243451,158.387535736552,67.3184607503489
"199","NB","ACJ","leaf_area_cm2","variance","4",116.060396488174,169.105717535367,63.0150754409799
"200","NB","ACJ","leaf_area_cm2","variance","5",87.0156841155624,132.165044410585,41.8663238205402
"201","NB","ACJ","leaf_thickness_mm","kurtosis","1",1.74759906071596,4.93942879579642,-1.44423067436449
"202","NB","ACJ","leaf_thickness_mm","kurtosis","2",-0.152103773941227,0.981258596093952,-1.28546614397641
"203","NB","ACJ","leaf_thickness_mm","kurtosis","3",-0.0389631639371038,0.967507484602438,-1.04543381247665
"204","NB","ACJ","leaf_thickness_mm","kurtosis","4",1.08766855931637,1.63779453427436,0.537542584358373
"205","NB","ACJ","leaf_thickness_mm","kurtosis","5",2.25409269325603,5.30464182835896,-0.796456441846891
"206","NB","ACJ","leaf_thickness_mm","mean","1",0.340357861111111,0.360267307451927,0.320448414770295
"207","NB","ACJ","leaf_thickness_mm","mean","2",0.329237436111111,0.397091372628219,0.261383499594003
"208","NB","ACJ","leaf_thickness_mm","mean","3",0.306466323888889,0.342190090447261,0.270742557330517
"209","NB","ACJ","leaf_thickness_mm","mean","4",0.316686477777778,0.356630906021059,0.276742049534496
"210","NB","ACJ","leaf_thickness_mm","mean","5",0.330955358333333,0.363199445149089,0.298711271517577
"211","NB","ACJ","leaf_thickness_mm","skewness","1",0.0981150988141108,0.692763375269513,-0.496533177641291
"212","NB","ACJ","leaf_thickness_mm","skewness","2",0.416534898305346,1.34808640402034,-0.515016607409647
"213","NB","ACJ","leaf_thickness_mm","skewness","3",-0.393973557573678,0.203298882825504,-0.991245997972861
"214","NB","ACJ","leaf_thickness_mm","skewness","4",0.45674842563318,0.847229362572852,0.0662674886935069
"215","NB","ACJ","leaf_thickness_mm","skewness","5",0.301260553968544,1.25358540602334,-0.651064298086254
"216","NB","ACJ","leaf_thickness_mm","variance","1",0.0117715796643123,0.0141184867449313,0.00942467258369333
"217","NB","ACJ","leaf_thickness_mm","variance","2",0.0129988974950168,0.0190449776662911,0.00695281732374245
"218","NB","ACJ","leaf_thickness_mm","variance","3",0.00432681284881956,0.0048345546453382,0.00381907105230092
"219","NB","ACJ","leaf_thickness_mm","variance","4",0.00552991524460264,0.00715891470324475,0.00390091578596054
"220","NB","ACJ","leaf_thickness_mm","variance","5",0.00450518208206309,0.00652073259552714,0.00248963156859905
"221","NB","ACJ","plant_height_cm","kurtosis","1",-0.490311304832703,0.290588184928856,-1.27121079459426
"222","NB","ACJ","plant_height_cm","kurtosis","2",0.148961274499253,0.561948313716959,-0.264025764718453
"223","NB","ACJ","plant_height_cm","kurtosis","3",0.536885897733739,2.33791704177473,-1.26414524630725
"224","NB","ACJ","plant_height_cm","kurtosis","4",2.10253269513127,3.2157139783823,0.989351411880243
"225","NB","ACJ","plant_height_cm","kurtosis","5",-0.714681652993418,-0.0132955546923226,-1.41606775129451
"226","NB","ACJ","plant_height_cm","mean","1",40.4140220833333,45.2402291429026,35.5878150237641
"227","NB","ACJ","plant_height_cm","mean","2",37.5674104166667,41.2458011869075,33.8890196464258
"228","NB","ACJ","plant_height_cm","mean","3",42.4424025,47.171701293183,37.713103706817
"229","NB","ACJ","plant_height_cm","mean","4",44.0947983333333,55.5496292853988,32.6399673812678
"230","NB","ACJ","plant_height_cm","mean","5",37.507,44.7929461695199,30.2210538304801
"231","NB","ACJ","plant_height_cm","skewness","1",-0.677795714584412,-0.414435270853084,-0.94115615831574
"232","NB","ACJ","plant_height_cm","skewness","2",-0.236934146443259,-0.0136365871115569,-0.460231705774961
"233","NB","ACJ","plant_height_cm","skewness","3",-0.483224177654686,0.182839236105118,-1.14928759141449
"234","NB","ACJ","plant_height_cm","skewness","4",-1.41694481686892,-1.25366280855602,-1.58022682518183
"235","NB","ACJ","plant_height_cm","skewness","5",0.49892082672809,0.913347677979802,0.0844939754763785
"236","NB","ACJ","plant_height_cm","variance","1",415.099099399812,593.787055187051,236.411143612572
"237","NB","ACJ","plant_height_cm","variance","2",163.287689032559,217.943183602243,108.632194462874
"238","NB","ACJ","plant_height_cm","variance","3",167.521789595896,249.16367456136,85.8799046304327
"239","NB","ACJ","plant_height_cm","variance","4",153.878454662479,242.859320706374,64.8975886185841
"240","NB","ACJ","plant_height_cm","variance","5",260.092635109715,310.371612797122,209.813657422308
"241","NB","ACJ","sla_cm2_g","kurtosis","1",14.2846830130241,23.3888814701653,5.18048455588299
"242","NB","ACJ","sla_cm2_g","kurtosis","2",2.42417364759548,5.27354595498153,-0.425198659790571
"243","NB","ACJ","sla_cm2_g","kurtosis","3",2.38587587749728,6.16568162984662,-1.39392987485205
"244","NB","ACJ","sla_cm2_g","kurtosis","4",2.18470096777273,4.94866330482029,-0.579261369274828
"245","NB","ACJ","sla_cm2_g","kurtosis","5",1.8112946365428,3.43304909601808,0.189540177067513
"246","NB","ACJ","sla_cm2_g","mean","1",75.9260387142678,81.5834076896491,70.2686697388865
"247","NB","ACJ","sla_cm2_g","mean","2",61.1523867718957,62.853107847552,59.4516656962393
"248","NB","ACJ","sla_cm2_g","mean","3",64.1886678134157,65.3809429585777,62.9963926682537
"249","NB","ACJ","sla_cm2_g","mean","4",62.6109190486845,67.1802796626032,58.0415584347657
"250","NB","ACJ","sla_cm2_g","mean","5",60.4120820280665,63.5138263119787,57.3103377441544
"251","NB","ACJ","sla_cm2_g","skewness","1",3.07746464525776,4.13410646240868,2.02082282810684
"252","NB","ACJ","sla_cm2_g","skewness","2",0.920002588616531,1.46125183041707,0.378753346815992
"253","NB","ACJ","sla_cm2_g","skewness","3",0.765013540047827,1.30529182413227,0.224735255963385
"254","NB","ACJ","sla_cm2_g","skewness","4",-0.259148042894291,0.663907719268749,-1.18220380505733
"255","NB","ACJ","sla_cm2_g","skewness","5",-0.540246804010705,0.300797829028521,-1.38129143704993
"256","NB","ACJ","sla_cm2_g","variance","1",1582.22402632119,2117.94299196964,1046.50506067275
"257","NB","ACJ","sla_cm2_g","variance","2",329.92002628263,397.575849981482,262.264202583778
"258","NB","ACJ","sla_cm2_g","variance","3",236.776693119659,322.862169150296,150.691217089021
"259","NB","ACJ","sla_cm2_g","variance","4",137.663024947826,175.664411581372,99.6616383142802
"260","NB","ACJ","sla_cm2_g","variance","5",106.755214173644,127.938316379444,85.5721119678442
"261","NB","ACJ","wet_mass_g","kurtosis","1",37.7407325009878,73.4067105744571,2.07475442751837
"262","NB","ACJ","wet_mass_g","kurtosis","2",0.597251827214272,2.34637018128946,-1.15186652686092
"263","NB","ACJ","wet_mass_g","kurtosis","3",-0.439121554487879,0.489258034943666,-1.36750114391942
"264","NB","ACJ","wet_mass_g","kurtosis","4",-1.00405209755838,-0.649709132572915,-1.35839506254384
"265","NB","ACJ","wet_mass_g","kurtosis","5",0.830329929603481,1.79096182886155,-0.130301969654591
"266","NB","ACJ","wet_mass_g","mean","1",0.367270601830712,0.440818861289799,0.293722342371625
"267","NB","ACJ","wet_mass_g","mean","2",0.224682343333333,0.26103910875925,0.188325577907417
"268","NB","ACJ","wet_mass_g","mean","3",0.4375032375,0.508744556311762,0.366261918688238
"269","NB","ACJ","wet_mass_g","mean","4",0.541411541041667,0.724687639782356,0.358135442300978
"270","NB","ACJ","wet_mass_g","mean","5",0.363820265277778,0.455782856814834,0.271857673740722
"271","NB","ACJ","wet_mass_g","skewness","1",4.37009509664638,7.36969942654533,1.37049076674743
"272","NB","ACJ","wet_mass_g","skewness","2",0.831236301808775,1.26997781479495,0.392494788822603
"273","NB","ACJ","wet_mass_g","skewness","3",0.778299440033783,1.17591266316203,0.380686216905541
"274","NB","ACJ","wet_mass_g","skewness","4",0.0746112518368203,0.263505009911923,-0.114282506238282
"275","NB","ACJ","wet_mass_g","skewness","5",1.16698874243484,1.73226503330087,0.601712451568812
"276","NB","ACJ","wet_mass_g","variance","1",0.275756642108823,0.440352226791562,0.111161057426083
"277","NB","ACJ","wet_mass_g","variance","2",0.0254880525115146,0.0343530480786105,0.0166230569444187
"278","NB","ACJ","wet_mass_g","variance","3",0.118973294115316,0.143975645842443,0.0939709423881896
"279","NB","ACJ","wet_mass_g","variance","4",0.137707963576357,0.228248303006092,0.047167624146622
"280","NB","ACJ","wet_mass_g","variance","5",0.102365856671656,0.174092176421523,0.0306395369217888
"281","C","QUE","dry_mass_g","kurtosis","1",15.2508966742901,22.4861493826506,8.01564396592966
"282","C","QUE","dry_mass_g","kurtosis","2",13.684499970677,21.3577366949798,6.01126324637417
"283","C","QUE","dry_mass_g","kurtosis","3",10.6928570670101,20.6928251141869,0.692889019833173
"284","C","QUE","dry_mass_g","kurtosis","4",19.2380387447662,39.0868746404438,-0.610797150911534
"285","C","QUE","dry_mass_g","kurtosis","5",3.73177305337911,6.40692727201879,1.05661883473944
"286","C","QUE","dry_mass_g","mean","1",0.0167047341146601,0.0198739176892543,0.0135355505400658
"287","C","QUE","dry_mass_g","mean","2",0.0202800417311814,0.0240355938088772,0.0165244896534856
"288","C","QUE","dry_mass_g","mean","3",0.0268179068044925,0.0292829135938029,0.0243529000151822
"289","C","QUE","dry_mass_g","mean","4",0.0203141170053073,0.0267395739987063,0.0138886600119082
"290","C","QUE","dry_mass_g","mean","5",0.0269122603887301,0.0309323573466908,0.0228921634307695
"291","C","QUE","dry_mass_g","skewness","1",3.42901814224195,4.11812360836797,2.73991267611594
"292","C","QUE","dry_mass_g","skewness","2",2.98566987791433,3.72028714244896,2.2510526133797
"293","C","QUE","dry_mass_g","skewness","3",2.71441635748383,3.79876732705484,1.63006538791283
"294","C","QUE","dry_mass_g","skewness","4",3.36899403148936,5.11630730271599,1.62168076026273
"295","C","QUE","dry_mass_g","skewness","5",1.95194329285564,2.37715895101674,1.52672763469453
"296","C","QUE","dry_mass_g","variance","1",0.000543348847115377,0.000755650125672458,0.000331047568558296
"297","C","QUE","dry_mass_g","variance","2",0.000473736260762381,0.000670324796514778,0.000277147725009984
"298","C","QUE","dry_mass_g","variance","3",0.000636784837174495,0.000868447839088021,0.000405121835260969
"299","C","QUE","dry_mass_g","variance","4",0.000556836093593292,0.0009977954977973,0.000115876689389284
"300","C","QUE","dry_mass_g","variance","5",0.000894703428796883,0.00108238411917512,0.000707022738418648
"301","C","QUE","ldmc","kurtosis","1",-1.07464828154991,-0.893930537266408,-1.25536602583341
"302","C","QUE","ldmc","kurtosis","2",-0.347352220770564,-0.0192540348121491,-0.675450406728979
"303","C","QUE","ldmc","kurtosis","3",-0.157106116071977,0.451605602223073,-0.765817834367026
"304","C","QUE","ldmc","kurtosis","4",0.710068444517834,1.91981024735319,-0.499673358317521
"305","C","QUE","ldmc","kurtosis","5",-1.03390192883522,-0.875319459019642,-1.1924843986508
"306","C","QUE","ldmc","mean","1",0.577851549152088,0.620457293770402,0.535245804533774
"307","C","QUE","ldmc","mean","2",0.532673794698812,0.547859349377585,0.517488240020039
"308","C","QUE","ldmc","mean","3",0.567455307155319,0.583184105389146,0.551726508921492
"309","C","QUE","ldmc","mean","4",0.63387166202907,0.68123935070803,0.586503973350109
"310","C","QUE","ldmc","mean","5",0.537609537335902,0.552317661586115,0.522901413085689
"311","C","QUE","ldmc","skewness","1",-0.0960382472314103,0.156748686768679,-0.3488251812315
"312","C","QUE","ldmc","skewness","2",-0.167018353264208,-0.0072818992755258,-0.326754807252889
"313","C","QUE","ldmc","skewness","3",-0.444968660655559,-0.2097835478365,-0.680153773474618
"314","C","QUE","ldmc","skewness","4",-0.804621786126947,-0.358695340207441,-1.25054823204645
"315","C","QUE","ldmc","skewness","5",0.0325814188153476,0.156064037075081,-0.0909011994443863
"316","C","QUE","ldmc","variance","1",0.0439598042144999,0.0484246005843698,0.03949500784463
"317","C","QUE","ldmc","variance","2",0.0325601172954803,0.0381927194748857,0.026927515116075
"318","C","QUE","ldmc","variance","3",0.0260387470423837,0.0325087318237983,0.0195687622609691
"319","C","QUE","ldmc","variance","4",0.0276299285982092,0.0354986364769247,0.0197612207194937
"320","C","QUE","ldmc","variance","5",0.0393361762669706,0.0426522983602307,0.0360200541737105
"321","C","QUE","leaf_area_cm2","kurtosis","1",11.0270496399538,14.5515728012529,7.50252647865477
"322","C","QUE","leaf_area_cm2","kurtosis","2",18.9619255143078,28.8659346179357,9.05791641067999
"323","C","QUE","leaf_area_cm2","kurtosis","3",12.5477528340294,22.0796916142422,3.01581405381656
"324","C","QUE","leaf_area_cm2","kurtosis","4",16.86762722977,33.3517555783614,0.383498881178593
"325","C","QUE","leaf_area_cm2","kurtosis","5",5.80040812133605,9.51939613334662,2.08142010932547
"326","C","QUE","leaf_area_cm2","mean","1",1.49965074557739,1.72097655528797,1.27832493586682
"327","C","QUE","leaf_area_cm2","mean","2",1.42942169882984,1.67986339404447,1.1789800036152
"328","C","QUE","leaf_area_cm2","mean","3",1.79879780598064,2.02890737353318,1.5686882384281
"329","C","QUE","leaf_area_cm2","mean","4",1.60397065887942,2.16133663232224,1.0466046854366
"330","C","QUE","leaf_area_cm2","mean","5",1.80211510507884,2.18330942700387,1.42092078315381
"331","C","QUE","leaf_area_cm2","skewness","1",3.06207196972882,3.45257408095161,2.67156985850603
"332","C","QUE","leaf_area_cm2","skewness","2",3.92939365896615,4.72466648790816,3.13412083002414
"333","C","QUE","leaf_area_cm2","skewness","3",3.1824694716998,4.32025548541174,2.04468345798786
"334","C","QUE","leaf_area_cm2","skewness","4",3.11405390049293,4.71084836007005,1.51725944091582
"335","C","QUE","leaf_area_cm2","skewness","5",2.16885759691885,2.64671207470083,1.69100311913687
"336","C","QUE","leaf_area_cm2","variance","1",4.19976719545884,5.74450360508738,2.6550307858303
"337","C","QUE","leaf_area_cm2","variance","2",2.96313449572733,4.28532459988375,1.64094439157091
"338","C","QUE","leaf_area_cm2","variance","3",3.50882535617488,5.01121482405575,2.00643588829402
"339","C","QUE","leaf_area_cm2","variance","4",3.10699834640967,6.05697491290954,0.157021779909804
"340","C","QUE","leaf_area_cm2","variance","5",3.43757197160898,5.46650277740587,1.40864116581209
"341","C","QUE","leaf_thickness_mm","kurtosis","1",2.27378284204409,5.01733878104906,-0.469773096960878
"342","C","QUE","leaf_thickness_mm","kurtosis","2",0.509847453057973,2.34422149613086,-1.32452659001492
"343","C","QUE","leaf_thickness_mm","kurtosis","3",1.75214036602778,3.12475105828552,0.379529673770049
"344","C","QUE","leaf_thickness_mm","kurtosis","4",2.60225443135611,6.01744040471632,-0.812931542004089
"345","C","QUE","leaf_thickness_mm","kurtosis","5",0.367168212723793,1.62707410627384,-0.892737680826251
"346","C","QUE","leaf_thickness_mm","mean","1",0.250034716666667,0.263882963085782,0.236186470247552
"347","C","QUE","leaf_thickness_mm","mean","2",0.305950955555556,0.312356720054248,0.299545191056863
"348","C","QUE","leaf_thickness_mm","mean","3",0.301188241666667,0.308752278952355,0.293624204380978
"349","C","QUE","leaf_thickness_mm","mean","4",0.242438238888889,0.255015370637284,0.229861107140494
"350","C","QUE","leaf_thickness_mm","mean","5",0.292637208333333,0.307385737409267,0.2778886792574
"351","C","QUE","leaf_thickness_mm","skewness","1",0.91610548742997,1.36171392671474,0.470497048145204
"352","C","QUE","leaf_thickness_mm","skewness","2",0.359486969960999,0.763415545187724,-0.0444416052657263
"353","C","QUE","leaf_thickness_mm","skewness","3",0.858605468666477,1.45584189856469,0.261369038768268
"354","C","QUE","leaf_thickness_mm","skewness","4",1.32721177070613,1.94166535334349,0.712758188068772
"355","C","QUE","leaf_thickness_mm","skewness","5",0.801576063866126,1.11512405105239,0.488028076679865
"356","C","QUE","leaf_thickness_mm","variance","1",0.0071121034061139,0.00872283961353252,0.00550136719869528
"357","C","QUE","leaf_thickness_mm","variance","2",0.007287860147748,0.00850095660843438,0.00607476368706162
"358","C","QUE","leaf_thickness_mm","variance","3",0.0122733100510004,0.0180825853045845,0.00646403479741627
"359","C","QUE","leaf_thickness_mm","variance","4",0.00905153951385632,0.011956290849635,0.00614678817807764
"360","C","QUE","leaf_thickness_mm","variance","5",0.0119085169081379,0.0145818412698032,0.00923519254647267
"361","C","QUE","plant_height_cm","kurtosis","1",-0.121797043457237,0.826622102187935,-1.07021618910241
"362","C","QUE","plant_height_cm","kurtosis","2",-1.54549711490762,-1.33819719644811,-1.75279703336714
"363","C","QUE","plant_height_cm","kurtosis","3",-1.08950863745736,-0.156205810859362,-2.02281146405535
"364","C","QUE","plant_height_cm","kurtosis","4",-1.03791188027143,-0.64787337140251,-1.42795038914034
"365","C","QUE","plant_height_cm","kurtosis","5",-0.92967140859959,-0.390967553478014,-1.46837526372117
"366","C","QUE","plant_height_cm","mean","1",10.5153241666667,11.1620338627831,9.8686144705502
"367","C","QUE","plant_height_cm","mean","2",13.4632425,15.5218114380161,11.4046735619839
"368","C","QUE","plant_height_cm","mean","3",14.8138758333333,17.4195781726527,12.2081734940139
"369","C","QUE","plant_height_cm","mean","4",11.1419583333333,12.5353560380596,9.74856062860706
"370","C","QUE","plant_height_cm","mean","5",9.86666833333333,11.3388574206038,8.39447924606283
"371","C","QUE","plant_height_cm","skewness","1",0.532304525114551,0.704247188573126,0.360361861655977
"372","C","QUE","plant_height_cm","skewness","2",-0.192674652394295,0.212239493986026,-0.597588798774616
"373","C","QUE","plant_height_cm","skewness","3",-0.411900789291759,0.256769737280078,-1.0805713158636
"374","C","QUE","plant_height_cm","skewness","4",0.680039757326156,1.04221763500845,0.317861879643859
"375","C","QUE","plant_height_cm","skewness","5",0.717799073112538,1.05272860789688,0.382869538328201
"376","C","QUE","plant_height_cm","variance","1",39.9918521386097,55.168754298627,24.8149499785925
"377","C","QUE","plant_height_cm","variance","2",80.920078131072,85.502851342789,76.3373049193551
"378","C","QUE","plant_height_cm","variance","3",66.8420440582077,77.9004757765401,55.7836123398753
"379","C","QUE","plant_height_cm","variance","4",55.0434617386935,58.7644537018045,51.3224697755824
"380","C","QUE","plant_height_cm","variance","5",62.6310750678392,70.6589079373632,54.6032421983152
"381","C","QUE","sla_cm2_g","kurtosis","1",2.13105591673991,7.64883854304242,-3.3867267095626
"382","C","QUE","sla_cm2_g","kurtosis","2",4.74141422756633,14.972929525862,-5.49010107072937
"383","C","QUE","sla_cm2_g","kurtosis","3",21.2383944659821,42.1992443466686,0.277544585295736
"384","C","QUE","sla_cm2_g","kurtosis","4",18.357546138283,51.1920746959315,-14.4769824193655
"385","C","QUE","sla_cm2_g","kurtosis","5",8.15344290442884,25.7640725068387,-9.45718669798107
"386","C","QUE","sla_cm2_g","mean","1",98.5495605342106,102.422175060173,94.6769460082479
"387","C","QUE","sla_cm2_g","mean","2",87.2884805261265,94.4112934354003,80.1656676168528
"388","C","QUE","sla_cm2_g","mean","3",77.2659946142811,85.6405207742636,68.8914684542987
"389","C","QUE","sla_cm2_g","mean","4",89.4370483709429,92.8827667447731,85.9913299971127
"390","C","QUE","sla_cm2_g","mean","5",83.4158181480997,86.1262751576396,80.7053611385598
"391","C","QUE","sla_cm2_g","skewness","1",1.09931759542398,1.73700952774333,0.461625663104629
"392","C","QUE","sla_cm2_g","skewness","2",1.57520211439296,2.59709033313974,0.553313895646192
"393","C","QUE","sla_cm2_g","skewness","3",3.42341433699976,5.24191804807503,1.6049106259245
"394","C","QUE","sla_cm2_g","skewness","4",2.04683993831625,5.13105107981695,-1.03737120318445
"395","C","QUE","sla_cm2_g","skewness","5",1.67894369913883,3.30103631847765,0.0568510798000059
"396","C","QUE","sla_cm2_g","variance","1",1631.31250255303,1952.20287808641,1310.42212701964
"397","C","QUE","sla_cm2_g","variance","2",1701.37018151524,2238.23825458095,1164.50210844952
"398","C","QUE","sla_cm2_g","variance","3",1626.73395469799,2814.97070625972,438.497203136254
"399","C","QUE","sla_cm2_g","variance","4",1263.16901592662,2246.90960891229,279.428422940935
"400","C","QUE","sla_cm2_g","variance","5",1286.34920791538,1811.89512499544,760.803290835322
"401","C","QUE","wet_mass_g","kurtosis","1",27.8153934686387,46.5839989593366,9.04678797794081
"402","C","QUE","wet_mass_g","kurtosis","2",30.6386018855657,51.1366187614906,10.1405850096408
"403","C","QUE","wet_mass_g","kurtosis","3",16.1850399405788,28.8748124977865,3.49526738337118
"404","C","QUE","wet_mass_g","kurtosis","4",35.0473388595448,69.2705773018124,0.824100417277243
"405","C","QUE","wet_mass_g","kurtosis","5",8.22818787034051,14.4463407281794,2.01003501250165
"406","C","QUE","wet_mass_g","mean","1",0.0417960449904089,0.0505270912942229,0.0330649986865949
"407","C","QUE","wet_mass_g","mean","2",0.0461468596066451,0.0558563459777925,0.0364373732354977
"408","C","QUE","wet_mass_g","mean","3",0.065029817104409,0.0769057541928437,0.0531538800159743
"409","C","QUE","wet_mass_g","mean","4",0.0477736285772662,0.0688558714526688,0.0266913857018636
"410","C","QUE","wet_mass_g","mean","5",0.0701022211307489,0.0804000302206055,0.0598044120408923
"411","C","QUE","wet_mass_g","skewness","1",4.57525978317681,5.88482935348641,3.26569021286721
"412","C","QUE","wet_mass_g","skewness","2",4.90196535640327,6.27827715890458,3.52565355390196
"413","C","QUE","wet_mass_g","skewness","3",3.60652522281287,4.88416027136859,2.32889017425714
"414","C","QUE","wet_mass_g","skewness","4",4.94616396763783,7.30409687518122,2.58823106009444
"415","C","QUE","wet_mass_g","skewness","5",2.6904813644213,3.32806530774936,2.05289742109323
"416","C","QUE","wet_mass_g","variance","1",0.00646106693722517,0.00985274280498384,0.0030693910694665
"417","C","QUE","wet_mass_g","variance","2",0.00600298499931442,0.00914073984465329,0.00286523015397556
"418","C","QUE","wet_mass_g","variance","3",0.00995489104319298,0.0140423862724184,0.00586739581396753
"419","C","QUE","wet_mass_g","variance","4",0.00985181647481976,0.0174690152385162,0.00223461771112332
"420","C","QUE","wet_mass_g","variance","5",0.0115849014243858,0.0149921524125331,0.00817765043623846
"421","NB","QUE","dry_mass_g","kurtosis","1",7.0946283347515,10.3542553728284,3.83500129667462
"422","NB","QUE","dry_mass_g","kurtosis","2",2.96189142323271,4.02675751019733,1.89702533626808
"423","NB","QUE","dry_mass_g","kurtosis","3",-0.0369738766356661,0.43088190788796,-0.504829661159293
"424","NB","QUE","dry_mass_g","kurtosis","4",11.5159207386489,16.6184263050412,6.41341517225654
"425","NB","QUE","dry_mass_g","kurtosis","5",2.75685953259612,5.75222955163566,-0.23851048644341
"426","NB","QUE","dry_mass_g","mean","1",0.0141993373666667,0.015685020448962,0.0127136542843714
"427","NB","QUE","dry_mass_g","mean","2",0.0291156601309524,0.0318172973582659,0.0264140229036389
"428","NB","QUE","dry_mass_g","mean","3",0.0221106207333333,0.0235113599067927,0.020709881559874
"429","NB","QUE","dry_mass_g","mean","4",0.0308592093333333,0.0349307058524197,0.026787712814247
"430","NB","QUE","dry_mass_g","mean","5",0.0194216992916667,0.0209628563505877,0.0178805422327456
"431","NB","QUE","dry_mass_g","skewness","1",2.62492445048744,3.01911830009765,2.23073060087724
"432","NB","QUE","dry_mass_g","skewness","2",1.70372496808449,1.91303495656208,1.4944149796069
"433","NB","QUE","dry_mass_g","skewness","3",1.09340143098409,1.24095658936989,0.945846272598287
"434","NB","QUE","dry_mass_g","skewness","4",3.51576826736765,4.08009802561306,2.95143850912225
"435","NB","QUE","dry_mass_g","skewness","5",1.76401358013753,2.14836238335436,1.3796647769207
"436","NB","QUE","dry_mass_g","variance","1",0.000433248808408111,0.000523711786920162,0.000342785829896059
"437","NB","QUE","dry_mass_g","variance","2",0.00127319451601315,0.00150210518255828,0.00104428384946803
"438","NB","QUE","dry_mass_g","variance","3",0.000331780035160026,0.000366368662358029,0.000297191407962022
"439","NB","QUE","dry_mass_g","variance","4",0.00358393159098324,0.00443176120749556,0.00273610197447092
"440","NB","QUE","dry_mass_g","variance","5",0.000550442185902127,0.000638236001403105,0.000462648370401149
"441","NB","QUE","ldmc","kurtosis","1",0.130969459828674,0.650683936498191,-0.388745016840843
"442","NB","QUE","ldmc","kurtosis","2",0.208039060837254,1.11762601372896,-0.701547892054451
"443","NB","QUE","ldmc","kurtosis","3",0.151161867960296,0.618654026530588,-0.316330290609996
"444","NB","QUE","ldmc","kurtosis","4",0.923587972602397,2.01528656380905,-0.168110618604258
"445","NB","QUE","ldmc","kurtosis","5",0.0791426434773848,0.332196612188702,-0.173911325233932
"446","NB","QUE","ldmc","mean","1",0.374338073509679,0.386441264989845,0.362234882029514
"447","NB","QUE","ldmc","mean","2",0.394687101912878,0.402814696508471,0.386559507317286
"448","NB","QUE","ldmc","mean","3",0.424047059666446,0.43362721493087,0.414466904402023
"449","NB","QUE","ldmc","mean","4",0.399095090927643,0.407337918140254,0.390852263715033
"450","NB","QUE","ldmc","mean","5",0.416083327424191,0.430139029423088,0.402027625425294
"451","NB","QUE","ldmc","skewness","1",0.751091717684569,0.924222683918375,0.577960751450763
"452","NB","QUE","ldmc","skewness","2",-0.667033572938571,-0.386017190497,-0.948049955380141
"453","NB","QUE","ldmc","skewness","3",-1.10724175195528,-0.947190495846119,-1.26729300806444
"454","NB","QUE","ldmc","skewness","4",-0.218644763487857,0.136936363792454,-0.574225890768168
"455","NB","QUE","ldmc","skewness","5",0.686612012295094,0.808690622534274,0.564533402055914
"456","NB","QUE","ldmc","variance","1",0.0225001600507417,0.0251236199461323,0.0198767001553511
"457","NB","QUE","ldmc","variance","2",0.0135716649692091,0.0148971008178218,0.0122462291205964
"458","NB","QUE","ldmc","variance","3",0.0198426307886108,0.0218075942016129,0.0178776673756087
"459","NB","QUE","ldmc","variance","4",0.0117214443506293,0.0132319469873041,0.0102109417139546
"460","NB","QUE","ldmc","variance","5",0.0419364131676138,0.0458703635783745,0.0380024627568532
"461","NB","QUE","leaf_area_cm2","kurtosis","1",4.01814921104559,5.32864906840047,2.70764935369072
"462","NB","QUE","leaf_area_cm2","kurtosis","2",1.38748365941427,1.95789524142106,0.81707207740748
"463","NB","QUE","leaf_area_cm2","kurtosis","3",0.51595474368399,1.19499263557355,-0.163083148205568
"464","NB","QUE","leaf_area_cm2","kurtosis","4",15.8091513910952,20.9979130168494,10.6203897653411
"465","NB","QUE","leaf_area_cm2","kurtosis","5",0.356999829243633,0.878461347715917,-0.164461689228651
"466","NB","QUE","leaf_area_cm2","mean","1",1.76196433583333,1.92130916921772,1.60261950244895
"467","NB","QUE","leaf_area_cm2","mean","2",2.91819349369048,3.14689976891057,2.68948721847038
"468","NB","QUE","leaf_area_cm2","mean","3",1.990810525,2.1586713803047,1.8229496696953
"469","NB","QUE","leaf_area_cm2","mean","4",2.29502883583333,2.50512053894216,2.08493713272451
"470","NB","QUE","leaf_area_cm2","mean","5",1.40665735375,1.51838537391091,1.29492933358909
"471","NB","QUE","leaf_area_cm2","skewness","1",2.03050890265183,2.24692009679317,1.81409770851048
"472","NB","QUE","leaf_area_cm2","skewness","2",1.47822521851582,1.62485364747489,1.33159678955675
"473","NB","QUE","leaf_area_cm2","skewness","3",1.40435217903917,1.60061618792509,1.20808817015324
"474","NB","QUE","leaf_area_cm2","skewness","4",3.92680181186532,4.42286881459857,3.43073480913206
"475","NB","QUE","leaf_area_cm2","skewness","5",1.27353656973979,1.4362657922208,1.11080734725878
"476","NB","QUE","leaf_area_cm2","variance","1",4.75964314611378,5.61354405266555,3.905742239562
"477","NB","QUE","leaf_area_cm2","variance","2",12.7817870510507,14.367664930493,11.1959091716084
"478","NB","QUE","leaf_area_cm2","variance","3",4.66331399194501,5.21984410824858,4.10678387564144
"479","NB","QUE","leaf_area_cm2","variance","4",11.4948937361549,14.4488219817355,8.5409654905742
"480","NB","QUE","leaf_area_cm2","variance","5",2.25526195247101,2.52725466229921,1.98326924264282
"481","NB","QUE","leaf_thickness_mm","kurtosis","1",4.02187180707135,5.45911636879115,2.58462724535155
"482","NB","QUE","leaf_thickness_mm","kurtosis","2",3.70907908280194,4.78661329958738,2.63154486601649
"483","NB","QUE","leaf_thickness_mm","kurtosis","3",0.346915258786654,0.586992607703444,0.106837909869863
"484","NB","QUE","leaf_thickness_mm","kurtosis","4",2.70439557447935,3.76669003281088,1.64210111614781
"485","NB","QUE","leaf_thickness_mm","kurtosis","5",-0.692018660453744,-0.484810668395637,-0.89922665251185
"486","NB","QUE","leaf_thickness_mm","mean","1",0.218030508333333,0.225478178349591,0.210582838317076
"487","NB","QUE","leaf_thickness_mm","mean","2",0.275282983333333,0.283332463439017,0.267233503227649
"488","NB","QUE","leaf_thickness_mm","mean","3",0.280360791666667,0.286780009228185,0.273941574105148
"489","NB","QUE","leaf_thickness_mm","mean","4",0.243722266666667,0.249907526330035,0.237537007003298
"490","NB","QUE","leaf_thickness_mm","mean","5",0.313070858333333,0.322204949064405,0.303936767602261
"491","NB","QUE","leaf_thickness_mm","skewness","1",1.47144023379948,1.79810836860599,1.14477209899297
"492","NB","QUE","leaf_thickness_mm","skewness","2",1.82750792260133,2.0326382573282,1.62237758787445
"493","NB","QUE","leaf_thickness_mm","skewness","3",0.506457718603659,0.6694951556402,0.343420281567118
"494","NB","QUE","leaf_thickness_mm","skewness","4",1.53538137430928,1.78003282208381,1.29072992653476
"495","NB","QUE","leaf_thickness_mm","skewness","5",0.555464141824095,0.658197577893182,0.452730705755009
"496","NB","QUE","leaf_thickness_mm","variance","1",0.00999302547187326,0.0117105721196836,0.0082754788240629
"497","NB","QUE","leaf_thickness_mm","variance","2",0.0120791304243439,0.0142720142127125,0.00988624663597536
"498","NB","QUE","leaf_thickness_mm","variance","3",0.00783518064080123,0.00868840456923386,0.0069819567123686
"499","NB","QUE","leaf_thickness_mm","variance","4",0.0077488648440536,0.0089800276626046,0.00651770202550261
"500","NB","QUE","leaf_thickness_mm","variance","5",0.0193022871176019,0.0209361926754075,0.0176683815597963
"501","NB","QUE","plant_height_cm","kurtosis","1",19.7334409285524,28.4494330640397,11.0174487930651
"502","NB","QUE","plant_height_cm","kurtosis","2",1.12864125207817,5.23591368136727,-2.97863117721094
"503","NB","QUE","plant_height_cm","kurtosis","3",-1.27239944231622,-0.614268533307026,-1.93053035132542
"504","NB","QUE","plant_height_cm","kurtosis","4",4.19227452796824,8.30453250526777,0.0800165506687192
"505","NB","QUE","plant_height_cm","kurtosis","5",8.75458517475179,12.230967610121,5.27820273938261
"506","NB","QUE","plant_height_cm","mean","1",6.7995215,7.20506458848858,6.39397841151142
"507","NB","QUE","plant_height_cm","mean","2",7.89814875,8.32866671338238,7.46763078661762
"508","NB","QUE","plant_height_cm","mean","3",11.0740835,11.5546197150218,10.5935472849782
"509","NB","QUE","plant_height_cm","mean","4",9.20721025,9.79011090032403,8.62430959967597
"510","NB","QUE","plant_height_cm","mean","5",6.49222075,6.9990759530821,5.9853655469179
"511","NB","QUE","plant_height_cm","skewness","1",3.56192760791597,4.47371286967887,2.65014234615307
"512","NB","QUE","plant_height_cm","skewness","2",0.931337245989517,1.43193074934143,0.430743742637601
"513","NB","QUE","plant_height_cm","skewness","3",0.135892714435835,0.319323413147443,-0.0475379842757728
"514","NB","QUE","plant_height_cm","skewness","4",1.59251441433029,2.20077378970183,0.984255038958744
"515","NB","QUE","plant_height_cm","skewness","5",2.27100679653708,2.79122970811457,1.7507838849596
"516","NB","QUE","plant_height_cm","variance","1",33.4325053069347,45.8588717198591,21.0061388940102
"517","NB","QUE","plant_height_cm","variance","2",39.9604612182538,45.2811333060749,34.6397891304326
"518","NB","QUE","plant_height_cm","variance","3",56.4459335541206,60.0423768027973,52.8494903054439
"519","NB","QUE","plant_height_cm","variance","4",70.4028443592839,84.8540208264329,55.9516678921349
"520","NB","QUE","plant_height_cm","variance","5",46.7339985275,58.0069042159107,35.4610928390893
"521","NB","QUE","sla_cm2_g","kurtosis","1",-0.765417377435549,-0.512322739788283,-1.01851201508281
"522","NB","QUE","sla_cm2_g","kurtosis","2",2.93174558677933,3.74684273575076,2.11664843780791
"523","NB","QUE","sla_cm2_g","kurtosis","3",5.00103069370447,8.2903310201949,1.71173036721404
"524","NB","QUE","sla_cm2_g","kurtosis","4",12.1165964135761,21.481854575482,2.75133825167017
"525","NB","QUE","sla_cm2_g","kurtosis","5",2.01053893198874,3.02207080031383,0.999007063663651
"526","NB","QUE","sla_cm2_g","mean","1",145.428158660064,151.965444377026,138.890872943103
"527","NB","QUE","sla_cm2_g","mean","2",104.090026715029,107.142106614357,101.037946815701
"528","NB","QUE","sla_cm2_g","mean","3",92.2103136052822,96.0892263827216,88.3314008278427
"529","NB","QUE","sla_cm2_g","mean","4",104.860254189506,108.218231933681,101.502276445331
"530","NB","QUE","sla_cm2_g","mean","5",77.5621363349627,80.6867721889821,74.4375004809433
"531","NB","QUE","sla_cm2_g","skewness","1",0.723586189637153,0.845618010073305,0.601554369201001
"532","NB","QUE","sla_cm2_g","skewness","2",1.41746724640954,1.58676473852007,1.24816975429902
"533","NB","QUE","sla_cm2_g","skewness","3",1.77805760098676,2.23290837765973,1.32320682431379
"534","NB","QUE","sla_cm2_g","skewness","4",1.62306569534956,3.06686953019738,0.179261860501734
"535","NB","QUE","sla_cm2_g","skewness","5",1.27361756316638,1.48017381822093,1.06706130811182
"536","NB","QUE","sla_cm2_g","variance","1",9632.54246915893,10402.2482379913,8862.83670032654
"537","NB","QUE","sla_cm2_g","variance","2",2087.49736331721,2408.93222461368,1766.06250202073
"538","NB","QUE","sla_cm2_g","variance","3",3656.13855659351,4397.49382573313,2914.78328745389
"539","NB","QUE","sla_cm2_g","variance","4",2291.05441177393,3029.45842247366,1552.65040107421
"540","NB","QUE","sla_cm2_g","variance","5",2360.5991252568,2653.73020018321,2067.46805033039
"541","NB","QUE","wet_mass_g","kurtosis","1",10.3063643214076,19.8306373549846,0.782091287830575
"542","NB","QUE","wet_mass_g","kurtosis","2",14.984909386164,18.8485566746209,11.1212620977071
"543","NB","QUE","wet_mass_g","kurtosis","3",3.84434009472412,4.8776228365619,2.81105735288634
"544","NB","QUE","wet_mass_g","kurtosis","4",10.5641691740021,15.5403540401438,5.58798430786046
"545","NB","QUE","wet_mass_g","kurtosis","5",3.21982799999013,4.59266763493946,1.8469883650408
"546","NB","QUE","wet_mass_g","mean","1",0.0435100554166667,0.047816168760731,0.0392039420726023
"547","NB","QUE","wet_mass_g","mean","2",0.0848634416369048,0.0936180327542818,0.0761088505195277
"548","NB","QUE","wet_mass_g","mean","3",0.0629618654166667,0.0677787839062967,0.0581449469270366
"549","NB","QUE","wet_mass_g","mean","4",0.0790723791666667,0.0900135373456618,0.0681312209876716
"550","NB","QUE","wet_mass_g","mean","5",0.0925345275,0.104746719487196,0.0803223355128043
"551","NB","QUE","wet_mass_g","skewness","1",2.7341588240408,3.64139451886078,1.82692312922082
"552","NB","QUE","wet_mass_g","skewness","2",3.24497913035418,3.70845479271031,2.78150346799805
"553","NB","QUE","wet_mass_g","skewness","3",2.03474885533814,2.23775749540954,1.83174021526674
"554","NB","QUE","wet_mass_g","skewness","4",3.35650187692273,3.935633435219,2.77737031862647
"555","NB","QUE","wet_mass_g","skewness","5",2.11246273520855,2.38989493112831,1.83503053928879
"556","NB","QUE","wet_mass_g","variance","1",0.00384608086396353,0.00495484802847313,0.00273731369945393
"557","NB","QUE","wet_mass_g","variance","2",0.0149136297984592,0.0193170131224877,0.0105102464744307
"558","NB","QUE","wet_mass_g","variance","3",0.00492222017824019,0.00568586819983252,0.00415857215664787
"559","NB","QUE","wet_mass_g","variance","4",0.0206668782882919,0.0260761961466353,0.0152575604299486
"560","NB","QUE","wet_mass_g","variance","5",0.0259892505805519,0.030310254500985,0.0216682466601188
"561","C","TRE","dry_mass_g","kurtosis","1",3.75266039258707,9.95913259473473,-2.45381180956058
"562","C","TRE","dry_mass_g","kurtosis","2",8.30070204801703,22.8588595049372,-6.25745540890312
"563","C","TRE","dry_mass_g","kurtosis","3",1.21920438602024,2.79132677766878,-0.352918005628303
"564","C","TRE","dry_mass_g","kurtosis","4",5.53888624048751,15.0495213765809,-3.97174889560585
"565","C","TRE","dry_mass_g","kurtosis","5",2.9920988629191,4.92001151197568,1.06418621386252
"566","C","TRE","dry_mass_g","mean","1",0.0645796372230657,0.0865226717148918,0.0426366027312396
"567","C","TRE","dry_mass_g","mean","2",0.079488298407661,0.104910962444648,0.0540656343706737
"568","C","TRE","dry_mass_g","mean","3",0.0639860761625977,0.0847544595689717,0.0432176927562237
"569","C","TRE","dry_mass_g","mean","4",0.0809246312833333,0.109790928289688,0.0520583342769785
"570","C","TRE","dry_mass_g","mean","5",0.0570282092443191,0.0700822799080661,0.0439741385805722
"571","C","TRE","dry_mass_g","skewness","1",1.56915141139206,2.27097560989932,0.867327212884797
"572","C","TRE","dry_mass_g","skewness","2",1.7211559142409,3.01428424557823,0.428027582903569
"573","C","TRE","dry_mass_g","skewness","3",1.02249396466076,1.47540635764233,0.569581571679189
"574","C","TRE","dry_mass_g","skewness","4",1.32485713387913,2.46309950100457,0.186614766753681
"575","C","TRE","dry_mass_g","skewness","5",1.7205293366677,2.17832819457165,1.26273047876376
"576","C","TRE","dry_mass_g","variance","1",0.00561485542746459,0.00969184322336169,0.00153786763156749
"577","C","TRE","dry_mass_g","variance","2",0.00287414341871353,0.00487639250029337,0.000871894337133697
"578","C","TRE","dry_mass_g","variance","3",0.00318727824280608,0.00458000928011466,0.0017945472054975
"579","C","TRE","dry_mass_g","variance","4",0.00615193711251721,0.0137113744405621,-0.00140750021552765
"580","C","TRE","dry_mass_g","variance","5",0.00476650995112849,0.00752149727428444,0.00201152262797255
"581","C","TRE","ldmc","kurtosis","1",3.3723413551333,4.77906064873364,1.96562206153297
"582","C","TRE","ldmc","kurtosis","2",4.41470837261685,8.92737519908077,-0.0979584538470677
"583","C","TRE","ldmc","kurtosis","3",1.21752052243362,2.29445762048551,0.140583424381737
"584","C","TRE","ldmc","kurtosis","4",2.83528784225023,4.56210276240313,1.10847292209733
"585","C","TRE","ldmc","kurtosis","5",2.20566452240694,4.26919343567236,0.14213560914152
"586","C","TRE","ldmc","mean","1",0.513169282351471,0.545530911342502,0.480807653360441
"587","C","TRE","ldmc","mean","2",0.501009976155661,0.534974087624515,0.467045864686806
"588","C","TRE","ldmc","mean","3",0.503110440902759,0.522304760590688,0.483916121214831
"589","C","TRE","ldmc","mean","4",0.485692784054906,0.524477429411215,0.446908138698598
"590","C","TRE","ldmc","mean","5",0.492395302105107,0.525892126462226,0.458898477747987
"591","C","TRE","ldmc","skewness","1",0.797312513042134,1.27742795963137,0.317197066452896
"592","C","TRE","ldmc","skewness","2",-1.27196010265129,-0.360676892821739,-2.18324331248084
"593","C","TRE","ldmc","skewness","3",-0.11642790978865,0.42816890175638,-0.661024721333679
"594","C","TRE","ldmc","skewness","4",-1.45199187395095,-0.9308764284394,-1.9731073194625
"595","C","TRE","ldmc","skewness","5",0.0731973347930804,0.733137137459606,-0.586742467873445
"596","C","TRE","ldmc","variance","1",0.0203887315564643,0.0257382785393994,0.0150391845735292
"597","C","TRE","ldmc","variance","2",0.00847880915214868,0.0111342884022612,0.00582332990203613
"598","C","TRE","ldmc","variance","3",0.0226027275745478,0.0277344233417357,0.0174710318073599
"599","C","TRE","ldmc","variance","4",0.0096127901412129,0.0120325629726786,0.00719301730974715
"600","C","TRE","ldmc","variance","5",0.0117968254598616,0.0140569369405762,0.00953671397914704
"601","C","TRE","leaf_area_cm2","kurtosis","1",7.72328932158173,22.2260749491368,-6.77949630597333
"602","C","TRE","leaf_area_cm2","kurtosis","2",16.0270711726592,39.3592444698479,-7.3051021245296
"603","C","TRE","leaf_area_cm2","kurtosis","3",3.61968818280882,7.52749915416462,-0.288122788546977
"604","C","TRE","leaf_area_cm2","kurtosis","4",14.7629154302355,40.0344006526253,-10.5085697921544
"605","C","TRE","leaf_area_cm2","kurtosis","5",2.47562163482065,4.89733571852521,0.0539075511160823
"606","C","TRE","leaf_area_cm2","mean","1",4.80254109365981,7.10938470650707,2.49569748081255
"607","C","TRE","leaf_area_cm2","mean","2",4.04470040634346,5.44265641511842,2.6467443975685
"608","C","TRE","leaf_area_cm2","mean","3",4.25594628089416,5.73710840907786,2.77478415271046
"609","C","TRE","leaf_area_cm2","mean","4",5.010255536125,7.08592314760445,2.93458792464555
"610","C","TRE","leaf_area_cm2","mean","5",3.45370309476199,4.20621666404569,2.7011895254783
"611","C","TRE","leaf_area_cm2","skewness","1",2.31459188897538,3.51421080032613,1.11497297762463
"612","C","TRE","leaf_area_cm2","skewness","2",3.33162183695563,4.93002704481828,1.73321662909298
"613","C","TRE","leaf_area_cm2","skewness","3",1.79597497829748,2.53586876120605,1.05608119538892
"614","C","TRE","leaf_area_cm2","skewness","4",2.76598875090193,4.77692584969028,0.755051652113577
"615","C","TRE","leaf_area_cm2","skewness","5",1.6520154511812,2.17590123129771,1.12812967106469
"616","C","TRE","leaf_area_cm2","variance","1",54.2903080771603,111.689667480249,-3.10905132592816
"617","C","TRE","leaf_area_cm2","variance","2",16.9452495748423,43.246312819668,-9.35581366998344
"618","C","TRE","leaf_area_cm2","variance","3",20.566844800499,30.6843332799707,10.4493563210273
"619","C","TRE","leaf_area_cm2","variance","4",57.3741953039228,159.801637656827,-45.0532470489816
"620","C","TRE","leaf_area_cm2","variance","5",16.7757720736776,27.7687470461639,5.78279710119129
"621","C","TRE","leaf_thickness_mm","kurtosis","1",-0.802797419276006,-0.357707766910649,-1.24788707164136
"622","C","TRE","leaf_thickness_mm","kurtosis","2",-0.373932034325675,0.335691890512779,-1.08355595916413
"623","C","TRE","leaf_thickness_mm","kurtosis","3",-0.714588043432509,-0.172822469388316,-1.2563536174767
"624","C","TRE","leaf_thickness_mm","kurtosis","4",-0.744091183499631,-0.147536344372848,-1.34064602262641
"625","C","TRE","leaf_thickness_mm","kurtosis","5",-0.319354720426853,0.435092289648535,-1.07380173050224
"626","C","TRE","leaf_thickness_mm","mean","1",0.324432384166667,0.375487387598833,0.2733773807345
"627","C","TRE","leaf_thickness_mm","mean","2",0.453683023333333,0.498015390486598,0.409350656180069
"628","C","TRE","leaf_thickness_mm","mean","3",0.333475805,0.379503280230022,0.287448329769978
"629","C","TRE","leaf_thickness_mm","mean","4",0.399216867,0.441110630769372,0.357323103230628
"630","C","TRE","leaf_thickness_mm","mean","5",0.384659025,0.421331096693062,0.347986953306938
"631","C","TRE","leaf_thickness_mm","skewness","1",0.0842084938495011,0.532071622289342,-0.36365463459034
"632","C","TRE","leaf_thickness_mm","skewness","2",-0.722663828481825,-0.390662455844628,-1.05466520111902
"633","C","TRE","leaf_thickness_mm","skewness","3",0.356648293512636,0.784482830179792,-0.0711862431545197
"634","C","TRE","leaf_thickness_mm","skewness","4",-0.317564065536531,0.0641842118096493,-0.699312342882711
"635","C","TRE","leaf_thickness_mm","skewness","5",-0.0423055705929645,0.268623038503528,-0.353234179689457
"636","C","TRE","leaf_thickness_mm","variance","1",0.0180697904771517,0.0212421758250645,0.014897405129239
"637","C","TRE","leaf_thickness_mm","variance","2",0.0179095863536488,0.020667925401121,0.0151512473061766
"638","C","TRE","leaf_thickness_mm","variance","3",0.0188422079654662,0.0236365448375943,0.0140478710933381
"639","C","TRE","leaf_thickness_mm","variance","4",0.0186975950578167,0.0224088113034875,0.0149863788121459
"640","C","TRE","leaf_thickness_mm","variance","5",0.020833880824866,0.0245087393911715,0.0171590222585605
"641","C","TRE","plant_height_cm","kurtosis","1",0.455850112182842,1.23736151163409,-0.325661287268404
"642","C","TRE","plant_height_cm","kurtosis","2",0.0391496029846046,1.33620643145573,-1.25790722548652
"643","C","TRE","plant_height_cm","kurtosis","3",-1.09917861923885,-0.842143142851703,-1.356214095626
"644","C","TRE","plant_height_cm","kurtosis","4",-1.32440913820577,-1.09268558587541,-1.55613269053614
"645","C","TRE","plant_height_cm","kurtosis","5",-0.227033206932979,0.37304155995455,-0.827107973820508
"646","C","TRE","plant_height_cm","mean","1",34.6428955,42.1418575760841,27.1439334239159
"647","C","TRE","plant_height_cm","mean","2",50.65798,53.7250699841007,47.5908900158993
"648","C","TRE","plant_height_cm","mean","3",36.062656,38.8205471413817,33.3047648586183
"649","C","TRE","plant_height_cm","mean","4",39.850117,44.2941446833478,35.4060893166522
"650","C","TRE","plant_height_cm","mean","5",33.040536,39.1594004562891,26.9216715437109
"651","C","TRE","plant_height_cm","skewness","1",0.189668015861187,0.735003315817584,-0.355667284095209
"652","C","TRE","plant_height_cm","skewness","2",-0.91597281338479,-0.532901383271402,-1.29904424349818
"653","C","TRE","plant_height_cm","skewness","3",0.102877838160067,0.371684640858687,-0.165928964538554
"654","C","TRE","plant_height_cm","skewness","4",-0.139613345509356,0.191751291255504,-0.470977982274216
"655","C","TRE","plant_height_cm","skewness","5",0.563237961731286,1.03639259605013,0.0900833274124456
"656","C","TRE","plant_height_cm","variance","1",234.736012301256,329.043076552093,140.42894805042
"657","C","TRE","plant_height_cm","variance","2",427.428713356784,568.550269720825,286.307156992743
"658","C","TRE","plant_height_cm","variance","3",504.947851800503,571.289919650284,438.605783950721
"659","C","TRE","plant_height_cm","variance","4",486.097730369849,569.321222678283,402.874238061416
"660","C","TRE","plant_height_cm","variance","5",385.0483399,505.399842203212,264.696837596788
"661","C","TRE","sla_cm2_g","kurtosis","1",1.69129443080649,3.20493211577117,0.177656745841812
"662","C","TRE","sla_cm2_g","kurtosis","2",7.96452487693117,13.4997622706477,2.42928748321469
"663","C","TRE","sla_cm2_g","kurtosis","3",3.01914804718696,4.72412598082452,1.31417011354941
"664","C","TRE","sla_cm2_g","kurtosis","4",4.96619606429883,11.9015137931385,-1.96912166454083
"665","C","TRE","sla_cm2_g","kurtosis","5",6.96462699144269,9.29336624585013,4.63588773703525
"666","C","TRE","sla_cm2_g","mean","1",70.268561661968,90.455792700257,50.081330623679
"667","C","TRE","sla_cm2_g","mean","2",51.2736096928453,65.9540683595932,36.5931510260975
"668","C","TRE","sla_cm2_g","mean","3",69.6496974637835,84.8522649372397,54.4471299903273
"669","C","TRE","sla_cm2_g","mean","4",59.3665552100911,76.6565319781251,42.0765784420571
"670","C","TRE","sla_cm2_g","mean","5",61.6755828992537,76.2804368804635,47.0707289180439
"671","C","TRE","sla_cm2_g","skewness","1",1.30939220136174,1.64980339795297,0.968981004770497
"672","C","TRE","sla_cm2_g","skewness","2",2.57028237659949,3.27441490811252,1.86614984508646
"673","C","TRE","sla_cm2_g","skewness","3",1.66686833215815,2.05086056019781,1.28287610411848
"674","C","TRE","sla_cm2_g","skewness","4",1.76781811433797,2.60037556013751,0.935260668538426
"675","C","TRE","sla_cm2_g","skewness","5",2.43803167425972,2.79110742589455,2.08495592262489
"676","C","TRE","sla_cm2_g","variance","1",1703.78470296738,2468.11949314883,939.449912785926
"677","C","TRE","sla_cm2_g","variance","2",1141.78758122531,1664.97046901566,618.604693434965
"678","C","TRE","sla_cm2_g","variance","3",1818.89258715711,2423.20474501407,1214.58042930016
"679","C","TRE","sla_cm2_g","variance","4",1029.22899379541,1542.57217601868,515.885811572143
"680","C","TRE","sla_cm2_g","variance","5",1538.12824441958,2494.04139224216,582.215096596991
"681","C","TRE","wet_mass_g","kurtosis","1",4.21043357892528,11.0990961041985,-2.67822894634794
"682","C","TRE","wet_mass_g","kurtosis","2",11.6890241182277,29.2592735650484,-5.88122532859308
"683","C","TRE","wet_mass_g","kurtosis","3",3.4054285024992,7.4895035634341,-0.678646558435709
"684","C","TRE","wet_mass_g","kurtosis","4",6.7823374152604,16.8050335856845,-3.24035875516373
"685","C","TRE","wet_mass_g","kurtosis","5",6.77643994270277,19.261600374517,-5.70872048911149
"686","C","TRE","wet_mass_g","mean","1",0.142109398689038,0.196320322481364,0.087898474896713
"687","C","TRE","wet_mass_g","mean","2",0.157279775061906,0.205514311457288,0.109045238666523
"688","C","TRE","wet_mass_g","mean","3",0.128892015192035,0.171912711266428,0.0858713191176411
"689","C","TRE","wet_mass_g","mean","4",0.169643338791667,0.23527761760114,0.104009059982193
"690","C","TRE","wet_mass_g","mean","5",0.117285281237715,0.144064621523438,0.0905059409519923
"691","C","TRE","wet_mass_g","skewness","1",1.65208463933665,2.41942526897495,0.884744009698344
"692","C","TRE","wet_mass_g","skewness","2",2.27094533000902,3.76335504847385,0.77853561154419
"693","C","TRE","wet_mass_g","skewness","3",1.44306369685754,2.07151101012282,0.814616383592247
"694","C","TRE","wet_mass_g","skewness","4",1.65019014854807,2.74069737341719,0.559682923678949
"695","C","TRE","wet_mass_g","skewness","5",2.05925666572682,3.18933293281656,0.929180398637089
"696","C","TRE","wet_mass_g","variance","1",0.0297257339444938,0.0520298736329159,0.0074215942560717
"697","C","TRE","wet_mass_g","variance","2",0.0122748820572304,0.0217475395380694,0.00280222457639144
"698","C","TRE","wet_mass_g","variance","3",0.013547909795431,0.0199214447544033,0.00717437483645864
"699","C","TRE","wet_mass_g","variance","4",0.0270392289079265,0.0596991920287869,-0.00562073421293396
"700","C","TRE","wet_mass_g","variance","5",0.0201726946270501,0.0329524199831467,0.00739296927095347
"701","NB","TRE","dry_mass_g","kurtosis","1",6.550309984945,11.5908111339098,1.50980883598021
"702","NB","TRE","dry_mass_g","kurtosis","2",5.45898604222244,10.4222136362033,0.495758448241611
"703","NB","TRE","dry_mass_g","kurtosis","3",1.82829955306269,4.5781142788321,-0.921515172706732
"704","NB","TRE","dry_mass_g","kurtosis","4",11.9065568116164,19.3626995837613,4.4504140394716
"705","NB","TRE","dry_mass_g","kurtosis","5",14.5843449105854,25.825524045433,3.34316577573773
"706","NB","TRE","dry_mass_g","mean","1",0.0386990208333333,0.0444441385155591,0.0329539031511076
"707","NB","TRE","dry_mass_g","mean","2",0.0362695963766061,0.0416419915898301,0.030897201163382
"708","NB","TRE","dry_mass_g","mean","3",0.0371517616458333,0.0408615101610238,0.0334420131306429
"709","NB","TRE","dry_mass_g","mean","4",0.030578039625,0.0337724144893078,0.0273836647606922
"710","NB","TRE","dry_mass_g","mean","5",0.0246974123988095,0.0270814563731099,0.0223133684245092
"711","NB","TRE","dry_mass_g","skewness","1",2.02319820432323,3.07745995309421,0.968936455552242
"712","NB","TRE","dry_mass_g","skewness","2",2.14885565075439,2.98087520020537,1.3168361013034
"713","NB","TRE","dry_mass_g","skewness","3",1.3415159359854,1.93171995079682,0.751311921173974
"714","NB","TRE","dry_mass_g","skewness","4",2.75101618228865,3.52689863883407,1.97513372574323
"715","NB","TRE","dry_mass_g","skewness","5",2.93647775855888,4.09135553345514,1.78159998366262
"716","NB","TRE","dry_mass_g","variance","1",0.000996553131615227,0.00145009638752714,0.000543009875703318
"717","NB","TRE","dry_mass_g","variance","2",0.00155659085556914,0.00201774635772581,0.00109543535341248
"718","NB","TRE","dry_mass_g","variance","3",0.000966349419227116,0.00124229059358731,0.000690408244866925
"719","NB","TRE","dry_mass_g","variance","4",0.000546057953449199,0.00072591264253001,0.000366203264368389
"720","NB","TRE","dry_mass_g","variance","5",0.000395860775456013,0.000534745217719766,0.000256976333192261
"721","NB","TRE","ldmc","kurtosis","1",2.35792039050318,5.43269376344515,-0.716852982438784
"722","NB","TRE","ldmc","kurtosis","2",1.5979175203808,3.49838749750441,-0.30255245674281
"723","NB","TRE","ldmc","kurtosis","3",0.152848890796215,1.54859345393679,-1.24289567234436
"724","NB","TRE","ldmc","kurtosis","4",2.99274796096626,4.59150374425524,1.39399217767729
"725","NB","TRE","ldmc","kurtosis","5",1.02039750870398,3.36442069312022,-1.32362567571225
"726","NB","TRE","ldmc","mean","1",0.485400015007117,0.509150869407926,0.461649160606309
"727","NB","TRE","ldmc","mean","2",0.521422919071801,0.573304616491808,0.469541221651794
"728","NB","TRE","ldmc","mean","3",0.456981290980932,0.488233415573833,0.42572916638803
"729","NB","TRE","ldmc","mean","4",0.517273564786378,0.529810839250001,0.504736290322755
"730","NB","TRE","ldmc","mean","5",0.535525564545427,0.571797425249382,0.499253703841472
"731","NB","TRE","ldmc","skewness","1",-0.44969696071265,0.481072946006131,-1.38046686743143
"732","NB","TRE","ldmc","skewness","2",-0.725863257384088,-0.109740867283506,-1.34198564748467
"733","NB","TRE","ldmc","skewness","3",-0.0772051906838784,0.433926681902348,-0.588337063270105
"734","NB","TRE","ldmc","skewness","4",-0.763932825161074,0.124177120899828,-1.65204277122198
"735","NB","TRE","ldmc","skewness","5",0.607048906771944,1.32431100088287,-0.110213187338979
"736","NB","TRE","ldmc","variance","1",0.00579645098481089,0.00849955509153367,0.0030933468780881
"737","NB","TRE","ldmc","variance","2",0.0114736139027644,0.0174607706004946,0.0054864572050341
"738","NB","TRE","ldmc","variance","3",0.0195441730941156,0.0372334756142025,0.00185487057402866
"739","NB","TRE","ldmc","variance","4",0.0077701369504511,0.0112423786295095,0.00429789527139272
"740","NB","TRE","ldmc","variance","5",0.0149712647396303,0.0270499141602803,0.00289261531898029
"741","NB","TRE","leaf_area_cm2","kurtosis","1",7.88016015690168,13.2042634625563,2.55605685124704
"742","NB","TRE","leaf_area_cm2","kurtosis","2",6.10938958446539,10.7999878761921,1.41879129273868
"743","NB","TRE","leaf_area_cm2","kurtosis","3",1.57411748672025,2.77302759342667,0.375207380013836
"744","NB","TRE","leaf_area_cm2","kurtosis","4",18.7352171059006,29.8561057979642,7.61432841383697
"745","NB","TRE","leaf_area_cm2","kurtosis","5",22.8875194273851,40.0852808670129,5.68975798775729
"746","NB","TRE","leaf_area_cm2","mean","1",3.0151322756756,3.35247981088884,2.67778474046235
"747","NB","TRE","leaf_area_cm2","mean","2",2.73408936288039,3.04358750542765,2.42459122033314
"748","NB","TRE","leaf_area_cm2","mean","3",3.24674639534524,3.47444715401778,3.01904563667269
"749","NB","TRE","leaf_area_cm2","mean","4",2.14492718804167,2.38792852410186,1.90192585198148
"750","NB","TRE","leaf_area_cm2","mean","5",2.02067283420238,2.35188171067074,1.68946395773402
"751","NB","TRE","leaf_area_cm2","skewness","1",2.51461585968538,3.39495476679945,1.6342769525713
"752","NB","TRE","leaf_area_cm2","skewness","2",2.3894724726664,3.12803646152038,1.65090848381242
"753","NB","TRE","leaf_area_cm2","skewness","3",1.53170418680654,1.84586663958887,1.2175417340242
"754","NB","TRE","leaf_area_cm2","skewness","4",3.79630168486182,4.72813400300682,2.86446936671683
"755","NB","TRE","leaf_area_cm2","skewness","5",3.78217457126095,5.38019956238056,2.18414958014134
"756","NB","TRE","leaf_area_cm2","variance","1",5.5079417864663,7.83511456632762,3.18076900660498
"757","NB","TRE","leaf_area_cm2","variance","2",7.80626300804765,9.85512802819644,5.75739798789887
"758","NB","TRE","leaf_area_cm2","variance","3",8.97189139033748,10.5101759931982,7.4336067874768
"759","NB","TRE","leaf_area_cm2","variance","4",2.84068165381528,3.91377040046528,1.76759290716528
"760","NB","TRE","leaf_area_cm2","variance","5",2.14988219416222,3.45027327105739,0.849491117267055
"761","NB","TRE","leaf_thickness_mm","kurtosis","1",-1.01750341343744,-0.457871269283879,-1.57713555759101
"762","NB","TRE","leaf_thickness_mm","kurtosis","2",-0.169160827592535,0.729239793402152,-1.06756144858722
"763","NB","TRE","leaf_thickness_mm","kurtosis","3",0.363970360515681,2.37144800919349,-1.64350728816213
"764","NB","TRE","leaf_thickness_mm","kurtosis","4",2.99397677843796,5.27492255410577,0.713031002770157
"765","NB","TRE","leaf_thickness_mm","kurtosis","5",4.3694826643167,8.53273874188738,0.206226586746014
"766","NB","TRE","leaf_thickness_mm","mean","1",0.32282913125,0.360137356360294,0.285520906139706
"767","NB","TRE","leaf_thickness_mm","mean","2",0.264965354166667,0.287276221459533,0.242654486873801
"768","NB","TRE","leaf_thickness_mm","mean","3",0.281103929166667,0.297946179665828,0.264261678667505
"769","NB","TRE","leaf_thickness_mm","mean","4",0.308458304166667,0.339525686536081,0.277390921797252
"770","NB","TRE","leaf_thickness_mm","mean","5",0.272223358333333,0.300814794737649,0.243631921929018
"771","NB","TRE","leaf_thickness_mm","skewness","1",0.425331784495844,0.785549680148413,0.0651138888432757
"772","NB","TRE","leaf_thickness_mm","skewness","2",0.250793635044552,0.907337466145753,-0.405750196056648
"773","NB","TRE","leaf_thickness_mm","skewness","3",0.188346285647891,0.731508631951159,-0.354816060655377
"774","NB","TRE","leaf_thickness_mm","skewness","4",0.573838269992045,1.69922784373218,-0.551551303748091
"775","NB","TRE","leaf_thickness_mm","skewness","5",1.12097625168602,2.04009512478917,0.201857378582864
"776","NB","TRE","leaf_thickness_mm","variance","1",0.0165483495766995,0.0283477848474136,0.00474891430598533
"777","NB","TRE","leaf_thickness_mm","variance","2",0.00573705909483529,0.00638872436547151,0.00508539382419907
"778","NB","TRE","leaf_thickness_mm","variance","3",0.00498383873952401,0.00685377022710237,0.00311390725194565
"779","NB","TRE","leaf_thickness_mm","variance","4",0.00626755402739391,0.00883974883417271,0.00369535922061512
"780","NB","TRE","leaf_thickness_mm","variance","5",0.0072838002184464,0.00945994627287037,0.00510765416402243
"781","NB","TRE","plant_height_cm","kurtosis","1",-0.544010317288805,0.367693322457918,-1.45571395703553
"782","NB","TRE","plant_height_cm","kurtosis","2",-1.29693845415743,-0.931326206289563,-1.66255070202531
"783","NB","TRE","plant_height_cm","kurtosis","3",-0.927468421708855,-0.363642783780063,-1.49129405963765
"784","NB","TRE","plant_height_cm","kurtosis","4",-0.00347436025580119,0.905460641642066,-0.912409362153668
"785","NB","TRE","plant_height_cm","kurtosis","5",-1.38919957700452,-1.17207332523681,-1.60632582877224
"786","NB","TRE","plant_height_cm","mean","1",28.72106,32.006296727196,25.4358232728041
"787","NB","TRE","plant_height_cm","mean","2",22.1860825,24.5046581539895,19.8675068460105
"788","NB","TRE","plant_height_cm","mean","3",28.0978275,34.2634379666957,21.9322170333043
"789","NB","TRE","plant_height_cm","mean","4",29.600886875,33.7809601382632,25.4208136117368
"790","NB","TRE","plant_height_cm","mean","5",26.72341125,30.2475550480039,23.1992674519961
"791","NB","TRE","plant_height_cm","skewness","1",-0.560718905886116,0.047157037829016,-1.16859484960125
"792","NB","TRE","plant_height_cm","skewness","2",-0.0668909914430698,0.306975851514454,-0.440757834400594
"793","NB","TRE","plant_height_cm","skewness","3",-0.558530794073849,-0.245177136080486,-0.871884452067211
"794","NB","TRE","plant_height_cm","skewness","4",-0.525200889999259,-0.343234504103556,-0.707167275894961
"795","NB","TRE","plant_height_cm","skewness","5",-0.244440146509964,0.0356634658644973,-0.524543758884426
"796","NB","TRE","plant_height_cm","variance","1",157.763420576005,191.015945059521,124.510896092489
"797","NB","TRE","plant_height_cm","variance","2",225.645133649497,336.749987508179,114.540279790816
"798","NB","TRE","plant_height_cm","variance","3",213.059501425879,320.651041673839,105.46796117792
"799","NB","TRE","plant_height_cm","variance","4",186.450674050565,271.840798644679,101.060549456452
"800","NB","TRE","plant_height_cm","variance","5",299.357569237437,352.86638759999,245.848750874885
"801","NB","TRE","sla_cm2_g","kurtosis","1",2.13704326282161,7.58017372105487,-3.30608719541166
"802","NB","TRE","sla_cm2_g","kurtosis","2",7.56971488792659,14.4023388511408,0.737090924712402
"803","NB","TRE","sla_cm2_g","kurtosis","3",3.39806059088345,8.50709839374158,-1.71097721197468
"804","NB","TRE","sla_cm2_g","kurtosis","4",7.23693103711978,13.6537850968041,0.820076977435491
"805","NB","TRE","sla_cm2_g","kurtosis","5",1.97062465125826,6.43271604041128,-2.49146673789476
"806","NB","TRE","sla_cm2_g","mean","1",94.2995008856986,104.092563677762,84.5064380936357
"807","NB","TRE","sla_cm2_g","mean","2",96.8664745754158,106.598632781089,87.1343163697425
"808","NB","TRE","sla_cm2_g","mean","3",94.8899754921677,104.718115234181,85.0618357501542
"809","NB","TRE","sla_cm2_g","mean","4",80.1681967227043,87.0178888417491,73.3185046036595
"810","NB","TRE","sla_cm2_g","mean","5",96.0191102693996,110.42828438736,81.6099361514393
"811","NB","TRE","sla_cm2_g","skewness","1",1.06279920438153,1.93594024008323,0.189658168679835
"812","NB","TRE","sla_cm2_g","skewness","2",1.99767905284594,2.88542667259855,1.10993143309332
"813","NB","TRE","sla_cm2_g","skewness","3",1.25467155483557,2.10240254854681,0.406940561124335
"814","NB","TRE","sla_cm2_g","skewness","4",2.31193980323859,3.25598159511357,1.36789801136361
"815","NB","TRE","sla_cm2_g","skewness","5",0.93805835460005,1.6791497817202,0.196966927479901
"816","NB","TRE","sla_cm2_g","variance","1",1770.53174929621,2557.16445063528,983.899047957135
"817","NB","TRE","sla_cm2_g","variance","2",2057.15950096688,2848.46153704154,1265.85746489221
"818","NB","TRE","sla_cm2_g","variance","3",1333.61550395996,1714.29439908205,952.936608837874
"819","NB","TRE","sla_cm2_g","variance","4",1146.24460351265,1638.8482068582,653.641000167103
"820","NB","TRE","sla_cm2_g","variance","5",1428.85221544574,2127.1488345868,730.555596304687
"821","NB","TRE","wet_mass_g","kurtosis","1",7.65274202237208,13.5335139030553,1.77197014168883
"822","NB","TRE","wet_mass_g","kurtosis","2",6.38985852847103,11.3739182588244,1.40579879811769
"823","NB","TRE","wet_mass_g","kurtosis","3",1.48762936494214,3.51372993442408,-0.538471204539789
"824","NB","TRE","wet_mass_g","kurtosis","4",36.116271917832,75.7019950565529,-3.46945122088896
"825","NB","TRE","wet_mass_g","kurtosis","5",14.0046773203077,28.2713931684783,-0.262038527862869
"826","NB","TRE","wet_mass_g","mean","1",0.0802018799702381,0.095167289696741,0.0652364702437352
"827","NB","TRE","wet_mass_g","mean","2",0.0699735053826706,0.0818473853699319,0.0580996253954094
"828","NB","TRE","wet_mass_g","mean","3",0.10585984514881,0.148785741230798,0.0629339490668212
"829","NB","TRE","wet_mass_g","mean","4",0.064651344375,0.0760623362625373,0.0532403524874627
"830","NB","TRE","wet_mass_g","mean","5",0.0501164254910714,0.0545054460656299,0.045727404916513
"831","NB","TRE","wet_mass_g","skewness","1",2.28410274323037,3.30285410796777,1.26535137849296
"832","NB","TRE","wet_mass_g","skewness","2",2.32232076180258,3.11114461036987,1.5334969132353
"833","NB","TRE","wet_mass_g","skewness","3",1.44244739139806,1.8434263189117,1.04146846388442
"834","NB","TRE","wet_mass_g","skewness","4",4.78136130859978,7.6042380483531,1.95848456884645
"835","NB","TRE","wet_mass_g","skewness","5",2.85150565077233,4.1585970803372,1.54441422120746
"836","NB","TRE","wet_mass_g","variance","1",0.00438121648246578,0.00613541591126692,0.00262701705366465
"837","NB","TRE","wet_mass_g","variance","2",0.00606228638273422,0.0080182731942301,0.00410629957123835
"838","NB","TRE","wet_mass_g","variance","3",0.0135015003773512,0.0268143077775904,0.000188692977112029
"839","NB","TRE","wet_mass_g","variance","4",0.0151909213646338,0.0424744988515491,-0.0120926561222816
"840","NB","TRE","wet_mass_g","variance","5",0.00201576995078858,0.00296415612212342,0.00106738377945374
